Rank,Team,ADJ EPA Per Play
1,TB ( 2002 ),0.177
2,PHI ( 2002 ),0.167
3,BAL ( 2000 ),0.15
4,BAL ( 2008 ),0.149
5,NE ( 2019 ),0.146
6,CHI ( 2012 ),0.139
7,SEA ( 2013 ),0.139
8,LA ( 2020 ),0.136
9,BAL ( 2004 ),0.13
10,BAL ( 2003 ),0.118
11,PHI ( 2008 ),0.118
12,MIA ( 2000 ),0.117
13,CHI ( 2004 ),0.117
14,ARI ( 2012 ),0.117
15,PIT ( 2020 ),0.116
16,PHI ( 2024 ),0.114
17,DEN ( 2015 ),0.113
18,PIT ( 2008 ),0.11
19,NYJ ( 2009 ),0.109
20,BAL ( 2006 ),0.108
21,BAL ( 2020 ),0.108
22,NO ( 2020 ),0.106
23,TB ( 2020 ),0.104
24,BAL ( 2018 ),0.103
25,MIN ( 2024 ),0.101
26,TEN ( 2008 ),0.099
27,PHI ( 2001 ),0.098
28,TB ( 1999 ),0.097
29,CHI ( 2005 ),0.096
30,CHI ( 2010 ),0.094
31,ARI ( 2013 ),0.093
32,IND ( 2020 ),0.092
33,DEN ( 2016 ),0.091
34,CHI ( 2001 ),0.09
35,BUF ( 2004 ),0.088
36,HOU ( 2016 ),0.088
37,WAS ( 2004 ),0.087
38,CHI ( 2006 ),0.087
39,MIN ( 2007 ),0.085
40,SF ( 2013 ),0.085
41,CIN ( 2013 ),0.085
42,SF ( 2019 ),0.084
43,DEN ( 2024 ),0.084
44,LA ( 2001 ),0.082
45,BUF ( 2014 ),0.082
46,CAR ( 2015 ),0.082
47,PIT ( 2019 ),0.082
48,SF ( 2011 ),0.081
49,NO ( 2021 ),0.081
50,CHI ( 2020 ),0.08
51,DET ( 2000 ),0.079
52,MIN ( 2018 ),0.079
53,MIA ( 2020 ),0.079
54,CHI ( 2018 ),0.078
55,TB ( 2008 ),0.077
56,KC ( 2013 ),0.077
57,NE ( 2016 ),0.077
58,PIT ( 2001 ),0.075
59,CAR ( 2002 ),0.075
60,BAL ( 2001 ),0.074
61,MIA ( 2004 ),0.074
62,BAL ( 2023 ),0.074
63,LA ( 1999 ),0.072
64,DET ( 2011 ),0.072
65,TEN ( 2000 ),0.071
66,NE ( 2001 ),0.071
67,PHI ( 2004 ),0.071
68,MIN ( 2008 ),0.07
69,SF ( 2009 ),0.07
70,MIN ( 2009 ),0.069
71,GB ( 2024 ),0.069
72,HOU ( 2002 ),0.068
73,CLE ( 2024 ),0.068
74,LAC ( 2024 ),0.068
75,TB ( 2000 ),0.067
76,NE ( 2022 ),0.067
77,CLE ( 2023 ),0.067
78,BAL ( 2009 ),0.066
79,LA ( 2021 ),0.066
80,BAL ( 2011 ),0.065
81,BAL ( 2016 ),0.064
82,PIT ( 2024 ),0.064
83,CAR ( 2009 ),0.063
84,NYG ( 2010 ),0.063
85,CHI ( 2011 ),0.063
86,BUF ( 2021 ),0.063
87,SEA ( 2024 ),0.063
88,GB ( 2010 ),0.062
89,JAX ( 2017 ),0.062
90,LA ( 2010 ),0.06
91,SF ( 2022 ),0.06
92,MIN ( 2006 ),0.059
93,CIN ( 2012 ),0.058
94,CHI ( 2019 ),0.058
95,HOU ( 2024 ),0.058
96,MIN ( 2016 ),0.057
97,NE ( 2018 ),0.057
98,WAS ( 2020 ),0.057
99,DAL ( 2021 ),0.057
100,PHI ( 2000 ),0.056
101,NO ( 2002 ),0.056
102,TB ( 2004 ),0.056
103,PHI ( 2005 ),0.056
104,DEN ( 2004 ),0.055
105,SEA ( 2012 ),0.055
106,DET ( 2014 ),0.055
107,DET ( 2024 ),0.055
108,CAR ( 2013 ),0.054
109,NYJ ( 2022 ),0.054
110,NE ( 2003 ),0.053
111,NE ( 2004 ),0.053
112,NYG ( 2013 ),0.053
113,JAX ( 2006 ),0.052
114,DAL ( 2009 ),0.052
115,DEN ( 2012 ),0.052
116,ATL ( 2012 ),0.052
117,LA ( 2003 ),0.051
118,BAL ( 2005 ),0.051
119,NO ( 2013 ),0.051
120,ARI ( 2016 ),0.051
121,DAL ( 2002 ),0.05
122,HOU ( 2011 ),0.05
123,HOU ( 2012 ),0.05
124,HOU ( 2015 ),0.05
125,CHI ( 2008 ),0.048
126,CAR ( 2008 ),0.048
127,BAL ( 2010 ),0.048
128,BAL ( 1999 ),0.047
129,CHI ( 2007 ),0.047
130,CAR ( 2000 ),0.046
131,WAS ( 2007 ),0.046
132,PIT ( 2012 ),0.046
133,LA ( 2015 ),0.046
134,BUF ( 2019 ),0.046
135,NE ( 2021 ),0.046
136,LAC ( 2007 ),0.045
137,BAL ( 2012 ),0.045
138,TB ( 2003 ),0.044
139,TB ( 2005 ),0.044
140,IND ( 2005 ),0.043
141,PIT ( 2005 ),0.043
142,CAR ( 2005 ),0.043
143,LA ( 2002 ),0.042
144,GB ( 2002 ),0.042
145,DEN ( 2005 ),0.042
146,LAC ( 2012 ),0.042
147,MIA ( 2012 ),0.042
148,KC ( 2016 ),0.042
149,CIN ( 2021 ),0.042
150,CHI ( 2024 ),0.042
151,GB ( 2001 ),0.041
152,ATL ( 2004 ),0.041
153,SF ( 2012 ),0.041
154,KC ( 2015 ),0.041
155,MIN ( 2019 ),0.041
156,DAL ( 2022 ),0.041
157,ARI ( 2014 ),0.04
158,HOU ( 2014 ),0.04
159,NYJ ( 2015 ),0.04
160,PHI ( 2022 ),0.04
161,LV ( 2002 ),0.039
162,JAX ( 2004 ),0.039
163,SEA ( 2014 ),0.039
164,CIN ( 2022 ),0.039
165,BUF ( 1999 ),0.038
166,JAX ( 1999 ),0.038
167,ATL ( 2002 ),0.038
168,DEN ( 2003 ),0.038
169,BUF ( 2003 ),0.038
170,PIT ( 2010 ),0.038
171,MIN ( 2012 ),0.038
172,KC ( 2023 ),0.038
173,KC ( 1999 ),0.037
174,DEN ( 2002 ),0.037
175,JAX ( 2005 ),0.037
176,TEN ( 2007 ),0.037
177,LV ( 2024 ),0.037
178,ARI ( 2004 ),0.036
179,PHI ( 2014 ),0.036
180,PHI ( 2016 ),0.036
181,SEA ( 2016 ),0.036
182,DAL ( 2018 ),0.036
183,TEN ( 2019 ),0.036
184,BAL ( 2013 ),0.035
185,MIN ( 2017 ),0.035
186,ARI ( 2018 ),0.035
187,PIT ( 2000 ),0.034
188,NYG ( 2005 ),0.034
189,NE ( 2009 ),0.034
190,LA ( 2014 ),0.034
191,PHI ( 2017 ),0.034
192,ARI ( 2021 ),0.034
193,WAS ( 2005 ),0.033
194,LA ( 2012 ),0.033
195,CLE ( 2012 ),0.033
196,LA ( 2013 ),0.033
197,SEA ( 2015 ),0.033
198,ARI ( 2020 ),0.033
199,PIT ( 2004 ),0.032
200,CAR ( 2016 ),0.032
201,CIN ( 2004 ),0.031
202,MIN ( 2005 ),0.031
203,ATL ( 2020 ),0.031
204,CAR ( 2021 ),0.031
205,HOU ( 2004 ),0.03
206,TEN ( 2010 ),0.03
207,NYJ ( 2010 ),0.03
208,DAL ( 2005 ),0.029
209,SEA ( 2020 ),0.029
210,LV ( 2023 ),0.029
211,NYJ ( 2023 ),0.029
212,NYJ ( 2004 ),0.028
213,BUF ( 2008 ),0.028
214,DEN ( 2009 ),0.028
215,LAC ( 2010 ),0.028
216,NYG ( 2012 ),0.028
217,ARI ( 2015 ),0.028
218,NE ( 2002 ),0.027
219,MIA ( 2003 ),0.027
220,LAC ( 2020 ),0.027
221,DEN ( 2020 ),0.027
222,BUF ( 2020 ),0.027
223,PIT ( 2021 ),0.027
224,CIN ( 2001 ),0.026
225,GB ( 2009 ),0.026
226,JAX ( 2011 ),0.026
227,BUF ( 2018 ),0.026
228,NYJ ( 2018 ),0.026
229,CLE ( 2018 ),0.026
230,NO ( 2023 ),0.026
231,BUF ( 2024 ),0.026
232,MIA ( 2001 ),0.025
233,NYG ( 2007 ),0.025
234,CIN ( 2015 ),0.025
235,LAC ( 2018 ),0.025
236,LA ( 2019 ),0.025
237,WAS ( 2022 ),0.025
238,NE ( 2007 ),0.024
239,ATL ( 2011 ),0.024
240,BUF ( 2013 ),0.024
241,NE ( 2015 ),0.024
242,MIA ( 2013 ),0.023
243,PIT ( 2015 ),0.023
244,NYG ( 2016 ),0.023
245,PHI ( 2020 ),0.023
246,MIA ( 2006 ),0.022
247,SEA ( 2007 ),0.022
248,MIA ( 2011 ),0.022
249,BUF ( 2009 ),0.021
250,CIN ( 2009 ),0.021
251,NO ( 2009 ),0.021
252,BUF ( 2022 ),0.021
253,LV ( 2000 ),0.02
254,TB ( 2001 ),0.02
255,PIT ( 2003 ),0.02
256,NYJ ( 2012 ),0.02
257,GB ( 2015 ),0.02
258,BAL ( 2017 ),0.02
259,MIA ( 1999 ),0.019
260,NE ( 1999 ),0.019
261,SEA ( 2005 ),0.019
262,MIN ( 2010 ),0.019
263,NE ( 2010 ),0.019
264,TB ( 2012 ),0.019
265,NE ( 2014 ),0.019
266,JAX ( 2018 ),0.019
267,NYJ ( 2000 ),0.018
268,DET ( 2004 ),0.018
269,NO ( 2010 ),0.018
270,MIN ( 2015 ),0.018
271,NYG ( 2008 ),0.017
272,WAS ( 2010 ),0.017
273,TB ( 2016 ),0.017
274,BUF ( 2000 ),0.016
275,IND ( 2007 ),0.016
276,ARI ( 2017 ),0.016
277,NO ( 2022 ),0.016
278,DAL ( 2023 ),0.016
279,KC ( 2024 ),0.016
280,DET ( 2013 ),0.015
281,DEN ( 2018 ),0.015
282,NYJ ( 2019 ),0.015
283,DET ( 2003 ),0.014
284,IND ( 2018 ),0.014
285,DEN ( 2019 ),0.014
286,NO ( 2024 ),0.014
287,CLE ( 2001 ),0.013
288,DAL ( 2003 ),0.013
289,PHI ( 2007 ),0.013
290,PHI ( 2011 ),0.013
291,PIT ( 2011 ),0.013
292,DEN ( 2021 ),0.013
293,TB ( 2021 ),0.013
294,NO ( 2004 ),0.012
295,LV ( 2006 ),0.012
296,JAX ( 2007 ),0.012
297,CAR ( 2017 ),0.012
298,TEN ( 2021 ),0.012
299,WAS ( 2001 ),0.011
300,BAL ( 2002 ),0.011
301,NO ( 2003 ),0.011
302,DEN ( 2006 ),0.011
303,NO ( 2018 ),0.011
304,BAL ( 2022 ),0.011
305,BAL ( 2024 ),0.011
306,WAS ( 2000 ),0.01
307,GB ( 2003 ),0.01
308,TB ( 2007 ),0.01
309,PIT ( 2013 ),0.01
310,HOU ( 2018 ),0.01
311,DAL ( 2024 ),0.01
312,DEN ( 2001 ),0.009
313,NO ( 2008 ),0.009
314,ARI ( 2011 ),0.009
315,PHI ( 2013 ),0.009
316,IND ( 2014 ),0.009
317,NYG ( 2020 ),0.009
318,LA ( 2024 ),0.009
319,TB ( 2013 ),0.008
320,DET ( 2017 ),0.008
321,BAL ( 2007 ),0.007
322,BAL ( 2019 ),0.007
323,DAL ( 2001 ),0.006
324,PHI ( 2009 ),0.006
325,LA ( 2011 ),0.006
326,SEA ( 2018 ),0.006
327,PIT ( 2018 ),0.006
328,TB ( 2019 ),0.006
329,CLE ( 2005 ),0.005
330,NYJ ( 2008 ),0.005
331,DET ( 2010 ),0.005
332,KC ( 2019 ),0.005
333,IND ( 2021 ),0.005
334,DET ( 1999 ),0.004
335,DAL ( 1999 ),0.004
336,CLE ( 2004 ),0.004
337,ATL ( 2008 ),0.004
338,SEA ( 2011 ),0.004
339,LV ( 2016 ),0.004
340,GB ( 2020 ),0.004
341,PIT ( 2023 ),0.004
342,NYG ( 2000 ),0.003
343,NYG ( 2001 ),0.003
344,MIA ( 2002 ),0.003
345,PIT ( 2007 ),0.003
346,SF ( 2008 ),0.003
347,ARI ( 2009 ),0.003
348,LA ( 2017 ),0.003
349,CAR ( 2003 ),0.002
350,TB ( 2009 ),0.002
351,DEN ( 2013 ),0.002
352,LAC ( 2017 ),0.002
353,LA ( 2018 ),0.002
354,NYG ( 2024 ),0.002
355,CLE ( 2014 ),0.001
356,IND ( 2022 ),0.001
357,KC ( 2011 ),-0.0
358,DEN ( 2017 ),-0.0
359,SEA ( 2019 ),0.0
360,MIA ( 2024 ),0.0
361,IND ( 2024 ),-0.0
362,BUF ( 2006 ),-0.001
363,KC ( 2007 ),-0.001
364,IND ( 2009 ),-0.001
365,KC ( 2010 ),-0.001
366,CIN ( 2011 ),-0.001
367,HOU ( 2013 ),-0.001
368,CIN ( 2014 ),-0.001
369,DAL ( 2016 ),-0.001
370,TB ( 2024 ),-0.001
371,PHI ( 1999 ),-0.002
372,SEA ( 1999 ),-0.002
373,LAC ( 2000 ),-0.002
374,SF ( 2001 ),-0.002
375,PHI ( 2003 ),-0.002
376,CAR ( 2007 ),-0.002
377,NO ( 2019 ),-0.002
378,SEA ( 2021 ),-0.002
379,DEN ( 2011 ),-0.003
380,NYJ ( 2016 ),-0.003
381,HOU ( 2022 ),-0.003
382,TEN ( 2024 ),-0.003
383,NYG ( 2002 ),-0.004
384,WAS ( 2011 ),-0.004
385,CLE ( 2013 ),-0.004
386,DEN ( 2022 ),-0.004
387,MIN ( 2023 ),-0.004
388,TEN ( 2003 ),-0.005
389,WAS ( 2008 ),-0.005
390,MIN ( 2011 ),-0.005
391,GB ( 2012 ),-0.005
392,SF ( 2023 ),-0.005
393,KC ( 2005 ),-0.006
394,ATL ( 2010 ),-0.006
395,CAR ( 2010 ),-0.006
396,NYJ ( 2011 ),-0.006
397,PIT ( 1999 ),-0.007
398,NO ( 2000 ),-0.007
399,CAR ( 2001 ),-0.007
400,PIT ( 2002 ),-0.007
401,CHI ( 2003 ),-0.007
402,ARI ( 2007 ),-0.007
403,CLE ( 2008 ),-0.007
404,WAS ( 2009 ),-0.007
405,ATL ( 2009 ),-0.007
406,NO ( 2011 ),-0.007
407,BAL ( 2014 ),-0.007
408,KC ( 2020 ),-0.007
409,NE ( 2023 ),-0.007
410,TEN ( 1999 ),-0.008
411,CLE ( 2002 ),-0.008
412,SF ( 2007 ),-0.008
413,GB ( 2014 ),-0.008
414,LA ( 2016 ),-0.008
415,CAR ( 2020 ),-0.008
416,MIN ( 2021 ),-0.008
417,CHI ( 2000 ),-0.009
418,HOU ( 2009 ),-0.009
419,NE ( 2013 ),-0.009
420,CAR ( 2014 ),-0.009
421,PHI ( 2018 ),-0.009
422,NE ( 2020 ),-0.009
423,NYG ( 2004 ),-0.01
424,NE ( 2012 ),-0.01
425,NYG ( 2017 ),-0.01
426,ATL ( 2017 ),-0.01
427,TEN ( 2018 ),-0.01
428,NYJ ( 2020 ),-0.01
429,CAR ( 2004 ),-0.011
430,GB ( 2007 ),-0.011
431,DAL ( 2008 ),-0.011
432,IND ( 2013 ),-0.011
433,SF ( 2020 ),-0.011
434,SF ( 2021 ),-0.011
435,CHI ( 2021 ),-0.011
436,CLE ( 2021 ),-0.011
437,TB ( 2023 ),-0.011
438,CHI ( 2023 ),-0.011
439,NE ( 2024 ),-0.011
440,LAC ( 2001 ),-0.012
441,TEN ( 2002 ),-0.012
442,PHI ( 2010 ),-0.012
443,LV ( 2010 ),-0.012
444,WAS ( 2012 ),-0.012
445,NYG ( 2023 ),-0.012
446,LAC ( 1999 ),-0.013
447,DEN ( 2014 ),-0.013
448,LAC ( 2016 ),-0.013
449,SEA ( 2017 ),-0.013
450,NYG ( 2021 ),-0.013
451,NE ( 2008 ),-0.014
452,GB ( 2008 ),-0.014
453,CHI ( 2002 ),-0.015
454,WAS ( 2002 ),-0.015
455,SF ( 2003 ),-0.015
456,GB ( 2005 ),-0.015
457,CAR ( 2012 ),-0.015
458,NYJ ( 2013 ),-0.015
459,ATL ( 2015 ),-0.015
460,TEN ( 2022 ),-0.015
461,CHI ( 1999 ),-0.016
462,NYG ( 2006 ),-0.016
463,NO ( 2006 ),-0.016
464,ARI ( 2008 ),-0.016
465,CIN ( 2008 ),-0.016
466,DAL ( 2011 ),-0.016
467,MIA ( 2021 ),-0.016
468,TB ( 2022 ),-0.016
469,CAR ( 2022 ),-0.016
470,JAX ( 2023 ),-0.016
471,SF ( 2010 ),-0.017
472,TEN ( 2011 ),-0.017
473,WAS ( 2013 ),-0.017
474,CHI ( 2017 ),-0.017
475,GB ( 2022 ),-0.017
476,DAL ( 2012 ),-0.018
477,DEN ( 1999 ),-0.019
478,NE ( 2000 ),-0.019
479,BUF ( 2007 ),-0.019
480,DAL ( 2007 ),-0.019
481,CLE ( 2010 ),-0.019
482,IND ( 2010 ),-0.019
483,NYG ( 2014 ),-0.019
484,WAS ( 2018 ),-0.019
485,NE ( 2005 ),-0.02
486,NE ( 2006 ),-0.02
487,NO ( 2007 ),-0.02
488,MIA ( 2014 ),-0.02
489,NYJ ( 2024 ),-0.02
490,ATL ( 2000 ),-0.021
491,CLE ( 2003 ),-0.021
492,TB ( 2006 ),-0.021
493,GB ( 2019 ),-0.021
494,GB ( 2021 ),-0.021
495,NYJ ( 1999 ),-0.022
496,DET ( 2005 ),-0.022
497,IND ( 2008 ),-0.022
498,MIA ( 2010 ),-0.022
499,DAL ( 2019 ),-0.022
500,BUF ( 2023 ),-0.022
501,DEN ( 2000 ),-0.023
502,LAC ( 2004 ),-0.023
503,CHI ( 2009 ),-0.023
504,IND ( 2019 ),-0.023
505,DET ( 2023 ),-0.023
506,WAS ( 2024 ),-0.023
507,NYG ( 1999 ),-0.024
508,NYJ ( 2005 ),-0.024
509,PIT ( 2006 ),-0.024
510,KC ( 2014 ),-0.024
511,CAR ( 2018 ),-0.024
512,JAX ( 2022 ),-0.024
513,SEA ( 2006 ),-0.025
514,KC ( 2021 ),-0.025
515,SEA ( 2001 ),-0.026
516,ARI ( 2005 ),-0.026
517,NO ( 2005 ),-0.026
518,ATL ( 2006 ),-0.026
519,PHI ( 2019 ),-0.026
520,CIN ( 2020 ),-0.026
521,LAC ( 2022 ),-0.026
522,NYJ ( 2001 ),-0.027
523,BUF ( 2002 ),-0.027
524,DET ( 2012 ),-0.027
525,PIT ( 2016 ),-0.027
526,DAL ( 2017 ),-0.027
527,MIA ( 2022 ),-0.027
528,GB ( 2000 ),-0.028
529,JAX ( 2001 ),-0.028
530,ATL ( 2003 ),-0.028
531,LV ( 2008 ),-0.028
532,DAL ( 2013 ),-0.028
533,BUF ( 2017 ),-0.028
534,LA ( 2022 ),-0.028
535,SF ( 2024 ),-0.028
536,MIN ( 1999 ),-0.029
537,LV ( 1999 ),-0.029
538,CAR ( 2006 ),-0.029
539,CIN ( 2010 ),-0.029
540,SF ( 2014 ),-0.029
541,LV ( 2001 ),-0.03
542,MIN ( 2014 ),-0.03
543,CLE ( 2020 ),-0.03
544,TEN ( 2020 ),-0.03
545,ARI ( 2022 ),-0.03
546,LAC ( 2002 ),-0.031
547,LV ( 2007 ),-0.031
548,JAX ( 2020 ),-0.031
549,PHI ( 2021 ),-0.031
550,BAL ( 2021 ),-0.031
551,IND ( 2002 ),-0.032
552,BUF ( 2005 ),-0.032
553,ATL ( 2005 ),-0.032
554,LA ( 2007 ),-0.032
555,NO ( 2017 ),-0.032
556,DET ( 2018 ),-0.032
557,MIA ( 2005 ),-0.033
558,MIA ( 2008 ),-0.033
559,WAS ( 2015 ),-0.033
560,JAX ( 2003 ),-0.034
561,TEN ( 2005 ),-0.034
562,LA ( 2005 ),-0.034
563,HOU ( 2007 ),-0.034
564,DET ( 2007 ),-0.034
565,BUF ( 2011 ),-0.034
566,LV ( 2013 ),-0.034
567,LAC ( 2019 ),-0.034
568,ATL ( 2019 ),-0.034
569,ARI ( 2010 ),-0.035
570,TEN ( 2013 ),-0.035
571,BUF ( 2015 ),-0.035
572,IND ( 2015 ),-0.035
573,WAS ( 2017 ),-0.035
574,DAL ( 2000 ),-0.036
575,HOU ( 2003 ),-0.036
576,MIN ( 2003 ),-0.036
577,IND ( 2004 ),-0.036
578,LAC ( 2009 ),-0.036
579,SEA ( 2009 ),-0.036
580,DAL ( 2010 ),-0.036
581,TB ( 2014 ),-0.036
582,JAX ( 2014 ),-0.036
583,MIA ( 2016 ),-0.036
584,DAL ( 2020 ),-0.036
585,ATL ( 2024 ),-0.036
586,ARI ( 2024 ),-0.036
587,NYG ( 2003 ),-0.037
588,ATL ( 2016 ),-0.037
589,TB ( 2010 ),-0.038
590,PHI ( 2015 ),-0.038
591,CIN ( 2016 ),-0.038
592,NYJ ( 2017 ),-0.038
593,LV ( 2020 ),-0.038
594,PIT ( 2022 ),-0.038
595,LV ( 2022 ),-0.038
596,LAC ( 2023 ),-0.038
597,NO ( 2001 ),-0.039
598,LV ( 2014 ),-0.039
599,BUF ( 2016 ),-0.039
600,GB ( 2006 ),-0.04
601,PHI ( 2006 ),-0.04
602,LAC ( 2008 ),-0.04
603,BUF ( 2010 ),-0.04
604,CLE ( 2011 ),-0.04
605,DAL ( 2015 ),-0.04
606,TEN ( 2017 ),-0.04
607,CIN ( 2000 ),-0.041
608,KC ( 2001 ),-0.041
609,BAL ( 2015 ),-0.041
610,MIA ( 2018 ),-0.041
611,KC ( 2022 ),-0.041
612,HOU ( 2023 ),-0.041
613,ATL ( 2023 ),-0.041
614,SF ( 2002 ),-0.042
615,NE ( 2011 ),-0.043
616,DAL ( 2014 ),-0.043
617,TEN ( 2016 ),-0.043
618,HOU ( 2019 ),-0.043
619,MIN ( 2020 ),-0.043
620,CLE ( 2022 ),-0.043
621,JAX ( 2000 ),-0.044
622,SEA ( 2003 ),-0.044
623,CLE ( 2006 ),-0.044
624,LAC ( 2006 ),-0.044
625,GB ( 2011 ),-0.044
626,MIA ( 2017 ),-0.044
627,ATL ( 1999 ),-0.045
628,NYJ ( 2003 ),-0.045
629,GB ( 2013 ),-0.045
630,LV ( 2021 ),-0.045
631,HOU ( 2021 ),-0.045
632,IND ( 1999 ),-0.046
633,DET ( 2002 ),-0.046
634,SF ( 2004 ),-0.046
635,CLE ( 2009 ),-0.046
636,JAX ( 2016 ),-0.046
637,PIT ( 2017 ),-0.046
638,LAC ( 2021 ),-0.046
639,KC ( 2006 ),-0.047
640,CIN ( 2017 ),-0.047
641,IND ( 2000 ),-0.048
642,ATL ( 2001 ),-0.048
643,SEA ( 2004 ),-0.048
644,ATL ( 2007 ),-0.048
645,MIN ( 2013 ),-0.048
646,NYG ( 2015 ),-0.048
647,TEN ( 2004 ),-0.049
648,IND ( 2011 ),-0.049
649,LAC ( 2015 ),-0.049
650,SEA ( 2022 ),-0.049
651,SEA ( 2002 ),-0.05
652,DAL ( 2006 ),-0.05
653,LAC ( 2011 ),-0.05
654,IND ( 2012 ),-0.05
655,MIN ( 2022 ),-0.05
656,MIA ( 2023 ),-0.05
657,ARI ( 1999 ),-0.051
658,LAC ( 2005 ),-0.051
659,ARI ( 2006 ),-0.051
660,KC ( 2009 ),-0.051
661,TEN ( 2012 ),-0.051
662,CHI ( 2016 ),-0.051
663,KC ( 2002 ),-0.052
664,TEN ( 2006 ),-0.052
665,NYG ( 2011 ),-0.052
666,LAC ( 2014 ),-0.052
667,CLE ( 2019 ),-0.052
668,CAR ( 2019 ),-0.052
669,DET ( 2020 ),-0.052
670,KC ( 2003 ),-0.053
671,LV ( 2003 ),-0.053
672,PHI ( 2012 ),-0.053
673,WAS ( 2021 ),-0.053
674,CLE ( 2007 ),-0.054
675,NYJ ( 2007 ),-0.054
676,PIT ( 2009 ),-0.054
677,MIA ( 2015 ),-0.054
678,GB ( 2016 ),-0.054
679,GB ( 2023 ),-0.054
680,SEA ( 2008 ),-0.055
681,LV ( 2015 ),-0.055
682,LA ( 2023 ),-0.055
683,LV ( 2009 ),-0.056
684,NO ( 2012 ),-0.056
685,LAC ( 2013 ),-0.056
686,KC ( 2018 ),-0.056
687,NYJ ( 2014 ),-0.057
688,DET ( 2022 ),-0.057
689,CAR ( 2023 ),-0.057
690,CIN ( 2005 ),-0.058
691,KC ( 2012 ),-0.058
692,JAX ( 2013 ),-0.058
693,NYJ ( 2002 ),-0.059
694,JAX ( 2002 ),-0.059
695,JAX ( 2008 ),-0.059
696,TEN ( 2015 ),-0.059
697,SF ( 2015 ),-0.059
698,LA ( 2008 ),-0.06
699,JAX ( 2012 ),-0.06
700,CLE ( 2015 ),-0.06
701,HOU ( 2020 ),-0.061
702,CIN ( 2023 ),-0.061
703,CIN ( 2024 ),-0.061
704,IND ( 2006 ),-0.062
705,DET ( 2019 ),-0.062
706,GB ( 1999 ),-0.063
707,IND ( 2003 ),-0.063
708,SEA ( 2010 ),-0.063
709,BUF ( 2012 ),-0.063
710,SF ( 2016 ),-0.063
711,NE ( 2017 ),-0.063
712,SF ( 2005 ),-0.064
713,DET ( 2015 ),-0.064
714,TB ( 2017 ),-0.064
715,JAX ( 2015 ),-0.065
716,BUF ( 2001 ),-0.066
717,ARI ( 2002 ),-0.066
718,LV ( 2005 ),-0.066
719,CIN ( 2006 ),-0.066
720,DET ( 2006 ),-0.066
721,SF ( 2018 ),-0.066
722,KC ( 2000 ),-0.067
723,CIN ( 2007 ),-0.067
724,TEN ( 2009 ),-0.067
725,TB ( 2015 ),-0.067
726,CIN ( 2018 ),-0.067
727,ATL ( 2022 ),-0.067
728,SEA ( 2000 ),-0.068
729,HOU ( 2008 ),-0.068
730,KC ( 2008 ),-0.068
731,NYG ( 2009 ),-0.068
732,TB ( 2018 ),-0.068
733,SEA ( 2023 ),-0.068
734,ARI ( 2001 ),-0.069
735,MIN ( 2001 ),-0.069
736,WAS ( 2016 ),-0.069
737,NO ( 2016 ),-0.07
738,IND ( 2016 ),-0.07
739,SF ( 2017 ),-0.07
740,IND ( 2023 ),-0.07
741,JAX ( 2019 ),-0.071
742,CHI ( 2015 ),-0.073
743,NYG ( 2022 ),-0.073
744,LA ( 2006 ),-0.074
745,LA ( 2009 ),-0.074
746,CHI ( 2013 ),-0.074
747,LV ( 2017 ),-0.074
748,DET ( 2021 ),-0.074
749,KC ( 2004 ),-0.075
750,ATL ( 2014 ),-0.075
751,DET ( 2016 ),-0.075
752,CAR ( 1999 ),-0.076
753,GB ( 2004 ),-0.076
754,HOU ( 2006 ),-0.076
755,CHI ( 2014 ),-0.076
756,NYJ ( 2006 ),-0.077
757,NO ( 1999 ),-0.078
758,LA ( 2004 ),-0.078
759,GB ( 2018 ),-0.078
760,ARI ( 2019 ),-0.078
761,DET ( 2001 ),-0.079
762,CAR ( 2024 ),-0.079
763,LA ( 2000 ),-0.08
764,NYG ( 2019 ),-0.08
765,DAL ( 2004 ),-0.081
766,MIA ( 2009 ),-0.081
767,ATL ( 2018 ),-0.081
768,CHI ( 2022 ),-0.081
769,DEN ( 2023 ),-0.081
770,TB ( 2011 ),-0.082
771,ATL ( 2013 ),-0.082
772,HOU ( 2017 ),-0.083
773,LV ( 2004 ),-0.084
774,KC ( 2017 ),-0.084
775,CLE ( 2017 ),-0.084
776,ATL ( 2021 ),-0.084
777,IND ( 2001 ),-0.085
778,DET ( 2009 ),-0.085
779,WAS ( 2003 ),-0.087
780,ARI ( 2003 ),-0.087
781,HOU ( 2010 ),-0.087
782,MIN ( 2000 ),-0.088
783,LV ( 2012 ),-0.088
784,GB ( 2017 ),-0.088
785,TEN ( 2023 ),-0.088
786,PIT ( 2014 ),-0.089
787,NYG ( 2018 ),-0.089
788,WAS ( 1999 ),-0.09
789,WAS ( 2019 ),-0.09
790,JAX ( 2010 ),-0.091
791,CAR ( 2011 ),-0.091
792,CLE ( 2016 ),-0.091
793,ARI ( 2023 ),-0.094
794,CIN ( 1999 ),-0.095
795,CLE ( 2000 ),-0.095
796,MIN ( 2002 ),-0.097
797,DEN ( 2007 ),-0.097
798,LV ( 2011 ),-0.097
799,PHI ( 2023 ),-0.097
800,WAS ( 2014 ),-0.098
801,JAX ( 2021 ),-0.1
802,HOU ( 2005 ),-0.101
803,JAX ( 2009 ),-0.101
804,DEN ( 2010 ),-0.101
805,CIN ( 2002 ),-0.102
806,SF ( 2000 ),-0.103
807,TEN ( 2001 ),-0.103
808,WAS ( 2006 ),-0.103
809,TEN ( 2014 ),-0.104
810,JAX ( 2024 ),-0.106
811,CIN ( 2019 ),-0.11
812,CIN ( 2003 ),-0.111
813,NO ( 2014 ),-0.111
814,MIA ( 2019 ),-0.112
815,NYJ ( 2021 ),-0.112
816,DET ( 2008 ),-0.115
817,WAS ( 2023 ),-0.115
818,MIN ( 2004 ),-0.117
819,SF ( 2006 ),-0.118
820,IND ( 2017 ),-0.118
821,NO ( 2015 ),-0.119
822,CLE ( 1999 ),-0.121
823,ARI ( 2000 ),-0.125
824,DEN ( 2008 ),-0.129
825,LAC ( 2003 ),-0.13
826,SF ( 1999 ),-0.15
827,LV ( 2018 ),-0.152
828,LV ( 2019 ),-0.16
829,MIA ( 2007 ),-0.163
