Player,POS,GP,Total EPA,EPA per Game,EPA per Play,Total Passing EPA,EPA per Completion,EPA per Attempt,Rushing EPA,EPA per Carry,Receiving EPA,EPA per Reception,EPA per Target
CeeDee Lamb,WR,15,93.44655669248904,6.229770446165936,0.573291758849626,0,0,0,7.572267803966213,0.6310223169971844,85.87428888852283,0.7878375127387416,0.5687038999239923
Tyreek Hill,WR,14,90.40020462203974,6.457157473002838,0.5986768518015877,0,0,0,-0.7327533561943104,-0.14655067123886206,91.13295797823405,0.8597448865871137,0.6241983423166716
Brandon Aiyuk,WR,14,71.14144924958664,5.081532089256188,0.7649618198880284,0,0,0,0,0,71.14144924958664,1.0944838346090253,0.7649618198880284
A.J. Brown,WR,15,67.19325792484055,4.4795505283227035,0.44206090740026677,0,0,0,0,0,67.19325792484055,0.6652797814340649,0.44206090740026677
Puka Nacua,WR,15,66.68905938605718,4.445937292403812,0.42749397042344345,0,0,0,3.3130694301000068,0.3313069430100007,63.37598995595718,0.6601665620412206,0.43408212298600807
Keenan Allen,WR,13,65.24857648946075,5.019121268420057,0.4236920551263685,3.47243782361495,3.47243782361495,1.736218911807475,0.09521597966367173,0.04760798983183587,61.68092268618213,0.5711196545016863,0.4112061512412142
Ja'Marr Chase,WR,14,59.82919858307021,4.273514184505015,0.4399205778166927,-2.077023920896069,-2.077023920896069,-2.077023920896069,-2.603019673587549,-0.867673224529183,64.50924217755383,0.6936477653500411,0.48870638013298356
Amon-Ra St. Brown,WR,14,58.651519993986724,4.189394285284766,0.39363436237574984,-1.9745741735678202,0,0,0.6600991040555761,0.22003303468519206,59.965995063498966,0.565716934561311,0.41072599358560935
Mike Evans,WR,15,54.041099903966476,3.602739993597765,0.43581532180618127,0,0,0,0,0,54.041099903966476,0.7402890397803626,0.43581532180618127
Nico Collins,WR,13,53.61051906326019,4.123886081789245,0.5827230332963065,0,0,0,0,0,53.61051906326019,0.8376643603634405,0.5827230332963065
Adam Thielen,WR,15,52.2389275422144,3.48259516948096,0.40495292668383254,0,0,0,0.29604714349227096,0.29604714349227096,51.942880398722124,0.5467671620918119,0.4058037531150166
D.J. Moore,WR,15,49.07403379491098,3.2716022529940654,0.4055705272306693,0,0,0,-1.5449686339733253,-0.3862421584933313,50.61900242888431,0.6098674991431844,0.4326410464007206
Amari Cooper,WR,15,45.79911825431715,3.05327455028781,0.35780561136185274,0,0,0,0,0,45.79911825431715,0.6360988646432938,0.35780561136185274
Deebo Samuel,WR,13,45.16529430040293,3.4742534077233023,0.3927416895687211,-0.4747267971339835,0,-0.4747267971339835,6.419908498077149,0.1945426817599136,39.22011259945976,0.7400021245181087,0.4841989209809847
Jaylen Waddle,WR,14,45.111900887390846,3.2222786348136316,0.42160655034944716,0,0,0,-0.5299978660358341,-0.17666595534527804,45.64189875342668,0.6339152604642595,0.43886441109064117
DK Metcalf,WR,14,42.94589390690578,3.06756385049327,0.40900851339910266,0,0,0,0,0,42.94589390690578,0.7157648984484297,0.40900851339910266
Tyler Lockett,WR,15,36.31117371497909,2.4207449143319395,0.32133782048654064,0,0,0,0,0,36.31117371497909,0.47777860151288276,0.32133782048654064
DeVonta Smith,WR,15,35.98927555900984,2.399285037267323,0.33634836971037235,0,0,0,0,0,35.98927555900984,0.4614009687052544,0.33634836971037235
Stefon Diggs,WR,15,35.633951197446144,2.37559674649641,0.2457513875685941,0,0,0,0,0,35.633951197446144,0.371186991640064,0.2457513875685941
Chris Godwin,WR,15,33.591008943783166,2.239400596252211,0.2753361388834686,-0.6238825680972263,0,-0.6238825680972263,2.9644648996949687,0.9881549665649896,31.25042661218542,0.42230306232683,0.2648341238320798
Khalil Shakir,WR,14,32.23957579842098,2.3028268427443557,0.9211307370977423,0,0,0,0,0,32.23957579842098,1.1117095102903787,0.9211307370977423
Jordan Addison,WR,15,31.376138030343345,2.091742535356223,0.32683477114940984,0,0,0,-0.468716100683355,-0.468716100683355,31.8448541310267,0.5054738750956619,0.3352089908529126
Justin Jefferson,WR,8,31.310242575910756,3.9137803219888445,0.40662652695987994,-0.4213456440447177,0,-0.4213456440447177,0,0,31.731588219955473,0.6221880043128524,0.41752089763099304
Chris Olave,WR,14,31.168361158771116,2.226311511340794,0.24161520278117143,0,0,0,0,0,31.168361158771116,0.3847945822070508,0.24161520278117143
Rashee Rice,WR,15,29.828558535934718,1.9885705690623146,0.30751091274159503,0,0,0,-2.1539335804841304,-2.1539335804841304,31.982492116418847,0.4321958394110655,0.33315095954602963
Tank Dell,WR,10,29.504848634775485,2.9504848634775485,0.34307963528808705,-0.7774166874005459,0,0,-0.2634603872959689,-0.023950944299633535,30.545725709472,0.6499090576483404,0.40727634279296
Tee Higgins,WR,11,28.54033826678111,2.59457620607101,0.38568024684839336,0,0,0,0,0,28.54033826678111,0.6961058113849051,0.38568024684839336
Brandin Cooks,WR,14,28.174688065444286,2.012477718960306,0.40832881254267084,0,0,0,1.8768031546476653,0.46920078866191633,26.297884910796622,0.6115787188557354,0.4045828447814865
Gabe Davis,WR,14,27.84381919561563,1.9888442282582592,0.36160804150150166,0,0,0,-0.8977499871105352,-0.8977499871105352,28.741569182726167,0.6684085856447946,0.3781785418779759
Kalif Raymond,WR,15,26.91784166742736,1.7945227778284907,0.5607883680714033,0,0,0,3.2389016478141137,0.46270023540201627,23.678940019613247,0.739966875612914,0.5775351224295914
George Pickens,WR,15,26.14014630877165,1.7426764205847767,0.26404188190678435,0,0,0,0.22259437433716,0.11129718716858,25.917551934434492,0.46281342740061593,0.2671912570560257
Romeo Doubs,WR,15,26.10700565384287,1.7404670435895246,0.29333714217800977,0,0,0,0,0,26.10700565384287,0.46619652953290835,0.29333714217800977
Calvin Ridley,WR,15,25.417890237151834,1.6945260158101223,0.20014086800906955,0,0,0,-3.281947291347745,-0.3646608101497495,28.69983752849958,0.43484602315908455,0.24321896210592864
Courtland Sutton,WR,15,25.344397171550753,1.6896264781033836,0.29470229269245063,0,0,0,0,0,25.344397171550753,0.43697236502673714,0.29470229269245063
Dontayvion Wicks,WR,14,25.342577626053743,1.8101841161466958,0.478161842001014,0.8381684842305008,0.8381684842305008,0.8381684842305008,-0.42148061967074324,-0.42148061967074324,24.925889761493984,0.755329992772545,0.48874293649988204
Demarcus Robinson,WR,7,25.28099854751251,3.611571221073216,0.8426999515837503,0,0,0,1.3398871610117717,1.3398871610117717,23.94111138650074,1.197055569325037,0.8255555650517497
Zay Flowers,WR,15,23.727500079750065,1.5818333386500043,0.2099778768119475,0,0,0,4.291608495647823,0.5364510619559779,19.435891584102244,0.2626471835689492,0.18510372937240233
Jayden Reed,WR,14,22.959309584488118,1.6399506846062941,0.24687429660739912,0,0,0,5.434114033669887,0.4940103666972625,17.525195550818232,0.3245406583484858,0.21372189696119795
Christian Kirk,WR,12,21.684883470719345,1.8070736225599455,0.24641913034908347,-1.6033460016895562,-1.6033460016895562,-0.8016730008447781,-0.6350850194242526,-0.6350850194242526,23.923314491833153,0.41970727178654654,0.28145075872744885
Noah Brown,WR,9,21.608778576956368,2.4009753974395966,0.40016256623993274,0,0,0,-1.1178320139582199,-1.1178320139582199,22.72661059091459,0.7102065809660809,0.4288039734134828
Darius Slayton,WR,15,21.29994761114503,1.4199965074096685,0.3227264789567429,0,0,0,0,0,21.29994761114503,0.5195109173450008,0.3227264789567429
Josh Downs,WR,15,21.037406056168994,1.402493737077933,0.22620866727063435,0,0,0,0,0,21.037406056168994,0.3339270802566507,0.22620866727063435
Nick Westbrook-Ikhine,WR,13,20.17011011642149,1.5515469320324224,0.4482246692538109,0,0,0,0,0,20.17011011642149,0.7203610755864818,0.4482246692538109
D.J. Chark,WR,12,20.027352414167126,1.668946034513927,0.35763129311012726,0,0,0,0,0,20.027352414167126,0.6258547629427227,0.35763129311012726
Chris Moore,WR,13,19.979875080663735,1.5369134677433642,0.6659958360221245,0,0,0,1.9996315564346694,0.9998157782173347,17.980243524229067,0.998902418012726,0.6421515544367524
Kavontae Turpin,WR,11,19.21645792163798,1.7469507201489072,0.6863020686299278,0,0,0,7.166835126074534,0.7166835126074533,12.049622795563444,1.0041352329636204,0.6694234886424135
Michael Pittman,WR,14,18.67931596900912,1.334236854929223,0.13062458719586797,0,0,0,0,0,18.67931596900912,0.18867995928292042,0.13062458719586797
Odell Beckham,WR,13,16.924585855461302,1.3018912196508694,0.2686442199279572,0,0,0,0,0,16.924585855461302,0.4977819369253324,0.2686442199279572
Alec Pierce,WR,15,16.919737300823762,1.1279824867215842,0.28199562168039605,0,0,0,0,0,16.919737300823762,0.5457979774459278,0.28199562168039605
DeAndre Hopkins,WR,15,16.900664277625445,1.1267109518416965,0.13853003506250364,0,0,0,0.17995803368159086,0.08997901684079543,16.720706243943855,0.2741099384253091,0.1393392186995321
Drake London,WR,14,16.634937599202075,1.188209828514434,0.18081453912176168,1.7606659669960016,1.7606659669960016,1.7606659669960016,0,0,14.874271632206074,0.2438405185607553,0.16345353441984697
Michael Wilson,WR,11,16.613417725801295,1.5103107023455722,0.3611612549087238,0,0,0,0,0,16.613417725801295,0.5933363473500463,0.3611612549087238
KhaDarel Hodge,WR,11,16.488543900851024,1.498958536441002,0.7851687571833821,0,0,0,-0.61981487083434,-0.61981487083434,17.108358771685364,1.2220256265489546,0.8554179385842682
Trenton Irwin,WR,8,16.45882020293408,2.05735252536676,0.5878150072476458,0,0,0,0,0,16.45882020293408,0.7481281910424582,0.5878150072476458
Josh Reynolds,WR,14,14.971396890710443,1.069385492193603,0.2722072161947353,0,0,0,0,0,14.971396890710443,0.4403352026679542,0.2722072161947353
Jakobi Meyers,WR,14,14.945762349838624,1.0675544535599018,0.15408002422514044,0.8380984415268713,0.41904922076343565,0.27936614717562375,1.2062663958625501,0.40208879862085006,12.901397512449202,0.20808705665240648,0.14177359903790332
Wan'Dale Robinson,WR,13,14.678258207124927,1.129096785163456,0.20673603108626656,0,0,0,2.3632706129199943,0.2954088266149993,12.314987594204933,0.2513262774327537,0.19547599355880846
Tutu Atwell,WR,13,14.45244123312409,1.111726248701853,0.2157080781063297,0,0,0,2.6863557353445446,0.6715889338361362,11.766085497779544,0.3180023107507985,0.18676326186951658
Jerry Jeudy,WR,14,14.199448512173246,1.014246322298089,0.18932598016230995,0,0,0,0,0,14.199448512173246,0.2958218440036093,0.18932598016230995
Brandon Johnson,WR,8,13.944183618692076,1.7430229523365095,0.7339044009837935,0,0,0,0,0,13.944183618692076,1.2676530562447341,0.7339044009837935
A.T. Perry,WR,6,13.608153985155408,2.268025664192568,1.0467810757811853,0,0,0,0,0,13.608153985155408,1.701019248144426,1.0467810757811853
Nelson Agholor,WR,14,13.474833078939374,0.9624880770670982,0.3546008704984046,0,0,0,0,0,13.474833078939374,0.4812440385335491,0.3546008704984046
Jameson Williams,WR,11,12.688512587078606,1.1535011442798733,0.3094759167580148,0,0,0,2.331616017385168,1.165808008692584,10.356896569693438,0.47076802589515626,0.26556145050495994
Olamide Zaccheaus,WR,10,12.012404453221272,1.2012404453221273,0.7507752783263295,0,0,0,0,0,12.012404453221272,1.501550556652659,0.7507752783263295
Diontae Johnson,WR,11,11.945505916024064,1.085955083274915,0.15314751174389826,0,0,0,0,0,11.945505916024064,0.27780246316335033,0.15314751174389826
Mike Williams,WR,3,11.2054370910028,3.735145697000933,0.41501618855565925,0,0,0,-0.2702551947555418,-0.2702551947555418,11.475692285758342,0.6039838045135969,0.4413727802214747
Michael Gallup,WR,15,10.556876996063354,0.7037917997375569,0.19194321811024279,0,0,0,0,0,10.556876996063354,0.3104963822371575,0.19194321811024279
Curtis Samuel,WR,14,10.37022487085678,0.7407303479183415,0.1165193805714245,0,0,0,2.8181669374449996,0.4696944895741666,7.552057933411781,0.13249224444582072,0.09098864980014194
Terry McLaurin,WR,15,10.31930042138191,0.6879533614254607,0.08819914890070009,0,0,0,0,0,10.31930042138191,0.14955507857075234,0.08819914890070009
Michael Thomas,WR,10,10.078221346492525,1.0078221346492524,0.1574722085389457,0,0,0,0,0,10.078221346492525,0.25841593196134677,0.1574722085389457
Jaxon Smith-Njigba,WR,15,9.514380700127521,0.6342920466751681,0.11063233372241305,0,0,0,0,0,9.514380700127521,0.16126068983266986,0.11063233372241305
Josh Palmer,WR,9,9.4986920048855,1.0554102227650555,0.18624886284089215,0,0,0,0,0,9.4986920048855,0.2968341251526719,0.18624886284089215
Cooper Kupp,WR,11,9.104358521949704,0.8276689565408822,0.10115953913277449,0,0,0,-1.0071252094734746,-1.0071252094734746,10.11148373142318,0.18384515875314872,0.11361217675756381
K.J. Osborn,WR,14,8.707156803167987,0.6219397716548561,0.12263601131222517,0,0,0,0,0,8.707156803167987,0.18928601746017362,0.12263601131222517
Braxton Berrios,WR,11,8.64089089926647,0.7855355362969518,0.28802969664221567,0,0,0,0.6900588312170725,0.6900588312170725,7.950832068049397,0.3456883507847564,0.2741666230361861
Lil'Jordan Humphrey,WR,9,8.596343097831904,0.9551492330924337,0.6140245069879932,0,0,0,0,0,8.596343097831904,0.7814857361665367,0.6140245069879932
Jauan Jennings,WR,12,8.386952177931084,0.698912681494257,0.2541500659979116,0,0,0,0,0,8.386952177931084,0.44141853568058337,0.2541500659979116
Brandon Powell,WR,11,8.385060191441914,0.7622781992219921,0.19056954980549803,0,0,0,-0.27561776403550703,-0.055123552807101406,8.660677955477421,0.30930992698133647,0.22206866552506208
Mack Hollins,WR,9,8.076005390435531,0.8973339322706146,0.26920017968118437,0,0,0,0,0,8.076005390435531,0.4486669661353073,0.26920017968118437
Ronnie Bell,WR,6,7.809733853649352,1.3016223089415586,1.1156762648070502,0,0,0,0,0,7.809733853649352,1.5619467707298704,1.1156762648070502
Quentin Johnston,WR,15,7.711608738082666,0.5141072492055111,0.13295877134625286,0,0,0,-1.0960389561938344,-0.5480194780969172,8.8076476942765,0.26689841497807576,0.15727942311208037
DeVante Parker,WR,11,7.648216406510009,0.6952924005918191,0.15608604911244917,0,0,0,0,0,7.648216406510009,0.24671665827451644,0.15608604911244917
Xavier Gipson,WR,12,7.550373885412805,0.6291978237844004,0.22879920864887288,0,0,0,3.1951921037031266,0.45645601481473236,4.355181781709678,0.2721988613568549,0.1675069916042184
Jake Bobo,WR,12,7.298564924172414,0.6082137436810345,0.30410687184051727,0,0,0,0.8663428313355133,0.8663428313355133,6.4322220928369,0.37836600546099414,0.2796618301233435
Dyami Brown,WR,12,7.1815060325105415,0.5984588360425451,0.29922941802127256,0,0,0,-0.9174748224527539,-0.9174748224527539,8.098980854963296,0.6749150712469413,0.35212960238970853
David Moore,WR,4,7.090652638557202,1.7726631596393005,1.4181305277114404,0,0,0,0,0,7.090652638557202,1.7726631596393005,1.4181305277114404
Jalin Hyatt,WR,11,6.143254728456384,0.558477702586944,0.18068396260165834,0,0,0,0,0,6.143254728456384,0.32332919623454653,0.18068396260165834
Davante Adams,WR,15,5.466506872515025,0.3644337915010017,0.03744182789393853,0,0,0,0,0,5.466506872515025,0.0643118455590003,0.03744182789393853
Byron Pringle,WR,11,5.433136253307957,0.4939214775734506,0.25872077396704557,0,0,0,0,0,5.433136253307957,0.3880811609505684,0.25872077396704557
Jamison Crowder,WR,6,5.432405442870831,0.9054009071451384,0.28591607594057006,0,0,0,0,0,5.432405442870831,0.36216036285805536,0.28591607594057006
Marvin Mims,WR,14,5.420023441318096,0.38714453152272116,0.1355005860329524,0,0,0,-0.7066462389079494,-0.08833077986349368,6.126669680226046,0.2917461752488593,0.19145842750706393
River Cracraft,WR,4,5.18952915237325,1.2973822880933126,0.518952915237325,0,0,0,0,0,5.18952915237325,0.6486911440466563,0.518952915237325
Ihmir Smith-Marsette,WR,5,5.023802657121819,1.0047605314243637,0.41865022142681824,0,0,0,4.896928997682918,0.6995612853832739,0.1268736594389015,0.031718414859725375,0.025374731887780298
Kyle Philips,WR,7,4.746949887589706,0.6781356982271008,0.24983946776787924,0,0,0,0,0,4.746949887589706,0.36514999135305426,0.24983946776787924
Richie James,WR,6,4.368017577942927,0.7280029296571545,0.3970925070857207,0,0,0,0,0,4.368017577942927,0.624002511134704,0.3970925070857207
Malik Heath,WR,10,4.283576742136635,0.4283576742136635,0.2379764856742575,0,0,0,0,0,4.283576742136635,0.38941606746696683,0.2379764856742575
Jalen Brooks,WR,2,4.174099452382496,2.087049726191248,0.8348198904764992,0,0,0,0,0,4.174099452382496,0.8348198904764992,0.8348198904764992
Robbie Chosen,WR,4,3.8202260278196145,0.9550565069549036,0.7640452055639229,0,0,0,0,0,3.8202260278196145,0.9550565069549036,0.7640452055639229
Justin Watson,WR,13,3.7455871365722873,0.2881220874286375,0.0764405538075977,0,0,0,0,0,3.7455871365722873,0.14406104371431874,0.0764405538075977
Deonte Harty,WR,11,3.469815805373231,0.31543780048847553,0.14457565855721796,0,0,0,-2.4624739273041367,-0.6156184818260342,5.932289732677368,0.42373498090552625,0.29661448663386836
Rashod Bateman,WR,14,3.301420324797853,0.23581573748556092,0.06473373185878142,0,0,0,2.478811267506249,2.478811267506249,0.8226090572916039,0.029378894903271568,0.01645218114583208
Ray-Ray McCloud,WR,6,3.1475827985625315,0.5245971330937552,0.24212175373557934,0,0,0,1.9536377980071447,0.9768188990035723,1.193945000555387,0.13266055561726522,0.10854045459594429
Rashid Shaheed,WR,13,2.7568350111801356,0.2120642316292412,0.03675780014906847,0,0,0,-1.1350466970518522,-0.1621495281502646,3.891881708231988,0.09492394410321922,0.057233554532823354
Scott Miller,WR,8,2.7123366283571566,0.3390420785446446,0.19373833059693976,0,0,0,0,0,2.7123366283571566,0.3013707364841285,0.19373833059693976
Zay Jones,WR,8,2.4312296817304944,0.3039037102163118,0.04420417603146353,0,0,0,0,0,2.4312296817304944,0.0868296314903748,0.04420417603146353
David Bell,WR,7,2.0955448724544996,0.2993635532077857,0.13097155452840623,0,0,0,0,0,2.0955448724544996,0.26194310905681245,0.13097155452840623
DeAndre Carter,WR,7,2.0919365827913143,0.29884808325590206,0.23243739808792382,0,0,0,3.9744550677772876,1.3248183559257625,-1.8825184849859735,-0.6275061616619911,-0.31375308083099557
Keith Kirkwood,WR,7,1.921334871546271,0.27447641022089586,0.2134816523940301,0,0,0,0,0,1.921334871546271,0.3842669743092542,0.2134816523940301
Xavier Hutchinson,WR,9,1.9158630110712949,0.21287366789681053,0.1126978241806644,0,0,0,2.745769742421877,0.5491539484843754,-0.8299067313505821,-0.16598134627011643,-0.06915889427921518
Marquez Valdes-Scantling,WR,15,1.8190145748183961,0.1212676383212264,0.046641399354317846,0,0,0,0,0,1.8190145748183961,0.0909507287409198,0.046641399354317846
Isaiah McKenzie,WR,9,1.68051039019716,0.18672337668857333,0.09885355236453883,0,0,0,-0.3608750889233254,-0.12029169630777514,2.0413854791204855,0.1855804981018623,0.1458132485086061
Tyler Boyd,WR,15,1.5514440981670239,0.10342960654446826,0.015994269053268288,-6.501235641890279,0,-6.501235641890279,0.740148881862878,0.370074440931439,7.312530858194425,0.11425829465928788,0.07779288147015345
Jalen Tolbert,WR,11,1.4220916028663928,0.12928105480603572,0.044440362589574775,0,0,0,0,0,1.4220916028663928,0.07484692646665225,0.044440362589574775
Equanimeous St. Brown,WR,4,1.362821440294828,0.340705360073707,0.2725642880589656,0,0,0,0,0,1.362821440294828,0.340705360073707,0.2725642880589656
Andrei Iosivas,WR,8,1.3119166486746834,0.16398958108433542,0.07288425825970463,0,0,0,0,0,1.3119166486746834,0.13119166486746833,0.07288425825970463
Alex Erickson,WR,6,1.145143735273375,0.1908572892122292,0.07157148345458594,0,0,0,0,0,1.145143735273375,0.16359196218191072,0.07157148345458594
Demario Douglas,WR,12,0.8599025088501839,0.071658542404182,0.011943090400697,0,0,0,1.0406214178626811,0.2601553544656703,-0.1807189090124972,-0.004107247932102209,-0.0026576310148896647
Cedrick Wilson,WR,9,0.8171162631622402,0.09079069590691558,0.026358589134265812,-1.3574523675488301,0,0,0,0,2.1745686307110703,0.11445098056374055,0.07014737518422808
Bo Melton,WR,2,0.7605895549979906,0.3802947774989953,0.0845099505553323,0,0,0,0.28394199681826077,0.28394199681826077,0.4766475581797299,0.09532951163594598,0.05958094477246624
Justyn Ross,WR,4,0.6618082636163009,0.1654520659040752,0.09454403765947154,0,0,0,0,0,0.6618082636163009,0.1654520659040752,0.09454403765947154
Tim Jones,WR,7,0.6579955605816326,0.09399936579737608,0.04386637070544217,0,0,0,0,0,0.6579955605816326,0.06579955605816326,0.04386637070544217
Calvin Austin,WR,13,0.5771018405860944,0.04439244927585341,0.014427546014652359,0,0,0,2.9168567181123413,0.2916856718112341,-2.339754877526247,-0.13763263985448512,-0.0779918292508749
Christian Watson,WR,9,0.5573241455656752,0.0619249050628528,0.009777616588871494,0,0,0,-1.5527492674865269,-0.3881873168716317,2.110073413052202,0.07535976475186436,0.039812705906645325
Allen Lazard,WR,13,0.4743182753501882,0.03648602118078371,0.009679964803065065,0,0,0,0,0,0.4743182753501882,0.020622533710877747,0.009679964803065065
Robert Woods,WR,12,0.032158314919318476,0.002679859576609873,0.00044664326276831214,0,0,0,0.22645486724448233,0.22645486724448233,-0.19429655232516385,-0.005397126453476774,-0.00273657115950935
Derius Davis,WR,12,-0.10947535184777113,-0.00912294598731426,-0.004210590455683505,0,0,0,5.5712696007133955,0.5571269600713395,-5.680744952561167,-0.4057674966115119,-0.3550465595350729
Hunter Renfrow,WR,13,-0.41771930974668137,-0.032132254595898566,-0.011289711074234631,0,0,0,0,0,-0.41771930974668137,-0.016708772389867253,-0.011289711074234631
Allen Robinson,WR,14,-0.4949827135347664,-0.035355908109626175,-0.010312139865307634,0,0,0,0,0,-0.4949827135347664,-0.014558315103963718,-0.010312139865307634
Isaiah Hodgins,WR,12,-0.6649036947453697,-0.05540864122878081,-0.023746560526620348,0,0,0,0,0,-0.6649036947453697,-0.03911198204384528,-0.023746560526620348
Lynn Bowden,WR,6,-0.9810365183858245,-0.16350608639763742,-0.054502028799212475,0,0,0,0.31643851621112074,0.07910962905278018,-1.2974750345969452,-0.1441638927329939,-0.09267678818549609
Velus Jones,WR,9,-1.013145021582706,-0.11257166906474511,-0.07236750154162186,0,0,0,0.5737229009453461,0.08196041442076372,-1.5868679225280522,-0.39671698063201305,-0.22669541750400746
Tre Tucker,WR,11,-1.0857458070003316,-0.09870416427275742,-0.03290138809091914,0,0,0,0.5643653307326714,0.06270725897029682,-1.650111137733003,-0.13750926147775025,-0.06875463073887512
Laviska Shenault,WR,8,-1.2364856380522868,-0.15456070475653585,-0.05620389263874031,0,0,0,0.04179487825720535,0.003482906521433779,-1.2782805163094921,-0.1278280516309492,-0.1278280516309492
Rakim Jarrett,WR,6,-1.2769775940671702,-0.21282959901119503,-0.12769775940671702,0,0,0,-0.420188056276291,-0.420188056276291,-0.8567895377908792,-0.2141973844477198,-0.0951988375323199
Parker Washington,WR,4,-1.3792324761980206,-0.34480811904950515,-0.07259118295779056,0,0,0,0,0,-1.3792324761980206,-0.09851660544271576,-0.07259118295779056
Greg Dortch,WR,7,-1.3819428490379295,-0.1974204070054185,-0.04457880158186869,0,0,0,-0.061053856885781826,-0.061053856885781826,-1.3208889921521476,-0.0880592661434765,-0.04402963307173825
Julio Jones,WR,6,-1.5088399631201572,-0.25147332718669285,-0.11606461254770441,0,0,0,0,0,-1.5088399631201572,-0.21554856616002246,-0.11606461254770441
Jalen Nailor,WR,2,-1.6207140109844786,-0.8103570054922393,-0.27011900183074644,0,0,0,0,0,-1.6207140109844786,-0.5402380036614929,-0.27011900183074644
Jalen Guyton,WR,7,-1.6814369800948796,-0.2402052828706971,-0.0800684276235657,0,0,0,0,0,-1.6814369800948796,-0.16814369800948797,-0.0800684276235657
Marquise Brown,WR,13,-1.903573609116436,-0.14642873916280277,-0.01848129717588773,0,0,0,0.8661053266417904,0.4330526633208952,-2.7696789357582263,-0.054307430112906396,-0.02742256372037848
Samori Toure,WR,7,-1.9620118530543373,-0.2802874075791911,-0.11541246194437278,0,0,0,0,0,-1.9620118530543373,-0.2802874075791911,-0.11541246194437278
Erik Ezukanma,WR,2,-1.9859345349036677,-0.9929672674518338,-0.33098908915061126,0,0,0,-1.02617357141299,-0.205234714282598,-0.9597609634906776,0.0,-0.9597609634906776
Charlie Jones,WR,4,-2.288327671943122,-0.5720819179857805,-0.3813879453238536,0,0,0,0,0,-2.288327671943122,-0.5720819179857805,-0.3813879453238536
Mecole Hardman,WR,6,-2.312066803905072,-0.385344467317512,-0.1651476288503623,0,0,0,-0.4017280304417143,-0.4017280304417143,-1.910338773463358,-0.21225986371815087,-0.1469491364202583
Trent Sherfield,WR,7,-2.4549146467539997,-0.35070209239342853,-0.16366097645026664,0,0,0,0,0,-2.4549146467539997,-0.30686433084424997,-0.16366097645026664
Kayshon Boutte,WR,3,-2.6949568628110816,-0.8983189542703606,-0.3849938375444402,0,0,0,0,0,-2.6949568628110816,-1.3474784314055408,-0.3849938375444402
Treylon Burks,WR,8,-2.6978441840719074,-0.3372305230089884,-0.0843076307522471,0,0,0,-0.6550049247200107,-0.13100098494400214,-2.0428392593518967,-0.14591708995370692,-0.07566071330932951
Ben Skowronek,WR,8,-2.711264917292086,-0.3389081146615108,-0.22593874310767384,0,0,0,-1.7552354890882804,-0.8776177445441402,-0.9560294282038057,-0.1593382380339676,-0.09560294282038057
Garrett Wilson,WR,15,-2.7265202610600068,-0.18176801740400045,-0.017366371089554182,-0.36997614945635415,0,-0.36997614945635415,1.0164641183803247,0.33882137279344154,-3.373008229983977,-0.03832963897709065,-0.022045805424731876
Quez Watkins,WR,4,-3.125897010623488,-0.781474252655872,-0.3125897010623488,0,0,0,0,0,-3.125897010623488,-0.44655671580335543,-0.3125897010623488
Deven Thompkins,WR,10,-3.15092270895867,-0.315092270895867,-0.105030756965289,0,0,0,3.8532760912359985,0.4816595114044998,-7.0041988001946685,-0.46694658667964456,-0.3183726727361213
Austin Trammell,WR,2,-3.260507354868863,-1.6302536774344314,-0.4657867649812661,0,0,0,0,0,-3.260507354868863,-0.8151268387172157,-0.4657867649812661
Jamal Agnew,WR,7,-3.4202150208790485,-0.48860214583986405,-0.1487050009077847,0,0,0,-2.9529002439623815,-0.7382250609905954,-0.467314776916667,-0.03894289807638892,-0.02459551457456142
John Metchie,WR,12,-3.919424900910431,-0.3266187417425359,-0.15677699603641723,0,0,0,0,0,-3.919424900910431,-0.2799589214936022,-0.15677699603641723
Trey Palmer,WR,15,-4.137074445810011,-0.27580496305400076,-0.06895124076350019,0,0,0,1.1116759462509198,0.3705586487503066,-5.2487503920609315,-0.1590530421836646,-0.0920833402115953
Devin Duvernay,WR,6,-4.610261427024089,-0.7683769045040149,-0.3546354943864684,0,0,0,-0.7322978087693983,-0.18307445219234958,-3.8779636182546913,-0.9694909045636728,-0.4308848464727435
Sterling Shepard,WR,8,-4.990292429711675,-0.6237865537139594,-0.3118932768569797,0,0,0,0,0,-4.990292429711675,-0.7128989185302393,-0.3118932768569797
Marvin Jones,WR,4,-5.17122044675467,-1.2928051116886674,-0.517122044675467,0,0,0,0,0,-5.17122044675467,-1.034244089350934,-0.517122044675467
Darnell Mooney,WR,14,-5.686137289440893,-0.4061526635314924,-0.09025614745144275,0,0,0,-0.7183973532986507,-0.35919867664932537,-4.967739936142243,-0.1602496753594272,-0.08143835960888922
Jason Brownlee,WR,2,-6.256241525187059,-3.1281207625935297,-1.251248305037412,0,0,0,0,0,-6.256241525187059,-2.08541384172902,-1.251248305037412
Donovan Peoples-Jones,WR,11,-6.61020198204206,-0.6009274529129146,-0.28740008617574175,0,0,0,0,0,-6.61020198204206,-0.6009274529129146,-0.28740008617574175
D.J. Montgomery,WR,2,-6.85895372843717,-3.429476864218585,-0.8573692160546462,0,0,0,0,0,-6.85895372843717,-2.2863179094790564,-0.8573692160546462
Marquise Goodwin,WR,10,-6.890631700959805,-0.6890631700959805,-0.40533127652704737,0,0,0,1.3734297852140427,0.34335744630351067,-8.264061486173848,-2.066015371543462,-0.6356970373979883
Kendrick Bourne,WR,8,-6.941108083655939,-0.8676385104569924,-0.12394835863671319,0,0,0,0.6826047372634485,0.6826047372634485,-7.623712820919388,-0.20604629245728076,-0.1386129603803525
Rondale Moore,WR,15,-7.290821193610654,-0.48605474624071027,-0.09347206658475198,0,0,0,-0.6157610804395439,-0.024630443217581757,-6.67506011317111,-0.20227454888397303,-0.12594453043719075
Tyler Scott,WR,11,-7.6162085272681095,-0.69238259338801,-0.23800651647712842,0,0,0,0.2061938526410989,0.02945626466301413,-7.822402379909208,-0.558743027136372,-0.31289609519636835
Terrace Marshall,WR,7,-8.117809300910977,-1.1596870429872825,-0.25368154065346804,0,0,0,0,0,-8.117809300910977,-0.4509894056061654,-0.25368154065346804
Ty Montgomery,WR,7,-8.518481688728688,-1.2169259555326697,-0.5678987792485792,0,0,0,-0.43380827261031313,-0.14460275753677104,-8.084673416118374,-1.6169346832236748,-0.6737227846765311
Skyy Moore,WR,13,-8.919035284565696,-0.6860796372742843,-0.21753744596501698,0,0,0,1.1328137980980935,0.37760459936603114,-10.05184908266379,-0.4786594801268471,-0.26452234428062604
Chase Claypool,WR,5,-9.786996610019292,-1.9573993220038584,-0.5437220338899607,0,0,0,0,0,-9.786996610019292,-1.398142372859899,-0.5437220338899607
Jalen Reagor,WR,7,-10.152921281794287,-1.4504173259706123,-0.6768614187862858,0,0,0,0,0,-10.152921281794287,-2.0305842563588574,-0.6768614187862858
JuJu Smith-Schuster,WR,11,-10.492278395961375,-0.9538434905419432,-0.22323996587151862,0,0,0,0,0,-10.492278395961375,-0.36180270330901293,-0.22323996587151862
Tyquan Thornton,WR,8,-10.869091433527966,-1.3586364291909958,-0.4725691927620855,0,0,0,2.918540184653065,0.9728467282176884,-13.787631618181031,-1.378763161818103,-0.6893815809090516
Kadarius Toney,WR,13,-14.051637002524277,-1.080895154040329,-0.28103274005048556,-0.49720723564785624,0,-0.49720723564785624,-4.860731446592804,-0.44188467696298217,-8.693698320283616,-0.32198882667717094,-0.22878153474430568
Randall Cobb,WR,8,-14.82404070930497,-1.8530050886631213,-0.9265025443315607,0,0,0,0,0,-14.82404070930497,-3.7060101773262426,-0.9265025443315607
Jahan Dotson,WR,15,-15.973255844975728,-1.0648837229983819,-0.20219311196171807,0,0,0,0,0,-15.973255844975728,-0.33985650733990913,-0.20219311196171807
Zach Pascal,WR,9,-16.566469617038194,-1.8407188463375772,-1.1044313078025463,0,0,0,0,0,-16.566469617038194,-4.141617404259549,-1.1044313078025463
Elijah Moore,WR,15,-18.084352210985713,-1.205623480732381,-0.1690126374858478,0,0,0,-10.369677848417147,-1.1521864276019054,-7.714674362568568,-0.14286434004756607,-0.07872116696498538
Cedric Tillman,WR,9,-18.95046459433904,-2.105607177148782,-0.5414418455525439,0,0,0,0.21852966625316275,0.21852966625316275,-19.1689942605922,-1.127587897681894,-0.563793948840947
Van Jefferson,WR,12,-20.476457225808772,-1.7063714354840644,-0.5687904784946881,0,0,0,-0.23590248832907434,-0.23590248832907434,-20.240554737479698,-1.3493703158319799,-0.5783015639279914
Jonathan Mingo,WR,14,-22.0249459253291,-1.5732104232377928,-0.26859690152840365,0,0,0,0,0,-22.0249459253291,-0.5371938030568073,-0.26859690152840365
Parris Campbell,WR,8,-23.535671020498114,-2.9419588775622643,-0.8716915192777079,-1.52678748080507,0,0,0,0,-22.008883539693045,-1.1004441769846522,-0.8151438348034461
